{"venue_avg": {"Arun Jaitley Stadium": 188.21621621621622, "Barabati Stadium": 167.71428571428572, "Barsapara Cricket Stadium": 174.6, "Bharat Ratna Shri Atal Bihari Vajpayee Ekana Cricket Stadium": 175.36363636363637, "Brabourne Stadium": 178.5185185185185, "Buffalo Park": 147.33333333333334, "De Beers Diamond Oval": 158.0, "Dr DY Patil Sports Academy": 159.64864864864865, "Dr. Y.S. Rajasekhara Reddy ACA-VDCA Cricket Stadium": 169.52941176470588, "Dubai International Cricket Stadium": 163.7608695652174, "Eden Gardens": 168.6, "Feroz Shah Kotla": 161.63333333333333, "Green Park": 161.25, "Himachal Pradesh Cricket Association Stadium": 183.13333333333333, "Holkar Cricket Stadium": 160.33333333333334, "JSCA International Stadium Complex": 149.0, "Kingsmead": 152.0, "M Chinnaswamy Stadium": 172.8095238095238, "M.Chinnaswamy Stadium": 173.93333333333334, "MA Chidambaram Stadium": 163.86813186813185, "Maharaja Yadavindra Singh International Cricket Stadium": 168.9090909090909, "Maharashtra Cricket Association Stadium": 168.28571428571428, "Narendra Modi Stadium": 186.63636363636363, "Nehru Stadium": 146.8, "New Wanderers Stadium": 144.0, "Newlands": 139.42857142857142, "OUTsurance Oval": 135.0, "Punjab Cricket Association IS Bindra Stadium": 175.0, "Punjab Cricket Association Stadium": 163.28571428571428, "Rajiv Gandhi International Stadium": 164.9156626506024, "Sardar Patel Stadium": 163.16666666666666, "Saurashtra Cricket Association Stadium": 168.9, "Sawai Mansingh Stadium": 165.53125, "Shaheed Veer Narayan Singh International Stadium": 146.33333333333334, "Sharjah Cricket Stadium": 159.03571428571428, "Sheikh Zayed Stadium": 158.86206896551724, "St George's Park": 159.0, "Subrata Roy Sahara Stadium": 149.4375, "SuperSport Park": 154.83333333333334, "Vidarbha Cricket Association Stadium": 149.33333333333334, "Wankhede Stadium": 170.52, "Zayed Cricket Stadium": 159.0}, "bat_avg": {"Chennai Super Kings": 170.08823529411765, "Delhi Capitals": 162.78151260504202, "Gujarat Lions": 161.92857142857142, "Gujarat Titans": 184.40740740740742, "Kochi Tuskers Kerala": 144.14285714285714, "Kolkata Knight Riders": 165.015873015873, "Lucknow Super Giants": 185.0909090909091, "Mumbai Indians": 168.4055944055944, "Pune Warriors": 148.65, "Punjab Kings": 165.6043165467626, "Rajasthan Royals": 164.21495327102804, "Rising Pune Supergiant": 163.0, "Rising Pune Supergiants": 160.42857142857142, "Royal Challengers Bengaluru": 169.47826086956522, "Sunrisers Hyderabad": 166.41379310344828}, "bowl_avg": {"Chennai Super Kings": 163.72413793103448, "Delhi Capitals": 168.3108108108108, "Gujarat Lions": 173.75, "Gujarat Titans": 179.4848484848485, "Kochi Tuskers Kerala": 141.14285714285714, "Kolkata Knight Riders": 162.2753623188406, "Lucknow Super Giants": 184.92, "Mumbai Indians": 166.7462686567164, "Pune Warriors": 153.3846153846154, "Punjab Kings": 171.96, "Rajasthan Royals": 168.8515625, "Rising Pune Supergiant": 156.375, "Rising Pune Supergiants": 145.14285714285714, "Royal Challengers Bengaluru": 167.27272727272728, "Sunrisers Hyderabad": 165.484126984127}, "global_mean": 167.02138579982892}